영역,검사명(한글),약칭,출판사,시행 방식(초안),▼ 교수님 기입 ▼,정확한 명칭,대상 연령(개월),대상군(참고),점수 종류(원점수/표준점수/백분위/하위척도),권장 재검 간격(개월),라이선스·사용 제한,국내/국외,센터에서 흔히 쓰는가(상/중/하),누락·삭제 의견
발달 선별,영유아발달선별검사,K-DST,보건복지부·질병관리청,부모 평정,,,,,,,,,,
발달 선별,Denver II 발달선별검사,Denver II,,,,,,,,,,,,
발달 선별,베일리 영유아발달검사,Bayley-III/4,Pearson,검사자 시행,,,,,,,,,,
지능·인지,한국판 웩슬러 아동지능검사,K-WISC-V,,검사자 시행,,,,,,,,,,
지능·인지,한국판 웩슬러 유아지능검사,K-WPPSI-IV,,검사자 시행,,,,,,,,,,
지능·인지,한국판 K-ABC,K-ABC-II,,검사자 시행,,,,,,,,,,
적응행동,사회성숙도검사,SMS,,부모 평정,,,,,,,,,,
적응행동,바인랜드 적응행동척도,Vineland,Pearson,부모 평정,,,,,,,,,,
언어,수용·표현어휘력검사,REVT,,검사자 시행,,,,,,,,,,
언어,취학전 아동의 수용언어 및 표현언어 발달 척도,PRES,,검사자 시행,,,,,,,,,,
언어,영유아 언어발달검사,SELSI,,부모 평정,,,,,,,,,,
언어,그림어휘력검사,PPVT,,검사자 시행,,,,,,,,,,
언어,구문의미이해력검사,KOSECT,,검사자 시행,,,,,,,,,,
언어,우리말 조음음운평가,UTAP,,검사자 시행,,,,,,,,,,
화용·사회성,화용언어 체크리스트,CPLC 등,,부모·교사 평정,,,,,,,,,,
화용·사회성,사회기술 평정체계,SSIS,Pearson,부모·교사·자기보고,,,,,,,,,,
화용·사회성,사회적 반응성 척도,SRS-2,WPS,부모·교사 평정,,,,,,,,,,
자폐,자폐 진단 관찰 스케줄,ADOS-2,WPS,검사자 시행,,,,,,,,,,
자폐,자폐 진단 면담지 개정판,ADI-R,WPS,검사자 시행,,,,,,,,,,
자폐,아동기 자폐 평정 척도,CARS-2,WPS,검사자 시행,,,,,,,,,,
자폐,영유아 자폐 선별(한국판),M-CHAT-R/F,,부모 평정,,,,,,,,,,
자폐,사회적 의사소통 질문지,SCQ,WPS,부모 평정,,,,,,,,,,
자폐,길리엄 자폐 평정척도,GARS,,부모·교사 평정,,,,,,,,,,
ADHD·주의,ADHD 평정척도,K-ARS,,부모·교사 평정,,,,,,,,,,
ADHD·주의,SNAP-IV 평정척도,SNAP-IV,,부모·교사 평정,,,,,,,,,,
ADHD·주의,코너스 평정척도,Conners,MHS,부모·교사 평정,,,,,,,,,,
ADHD·주의,종합주의력검사,CAT,,검사자 시행(컴퓨터),,,,,,,,,,
정서·행동,아동·청소년 행동평가척도,K-CBCL,ASEBA,부모 평정,,,,,,,,,,
정서·행동,교사용 행동평가척도,TRF,ASEBA,교사 평정,,,,,,,,,,
정서·행동,청소년 자기보고,YSR,ASEBA,자기보고,,,,,,,,,,
정서·행동,강점·난점 설문,SDQ,,부모·교사·자기보고,,,,,,,,,,
감각,감각 프로파일,SP2,Pearson,부모 평정,,,,,,,,,,
학습,기초학습기능검사,,,검사자 시행,,,,,,,,,,
투사·그림,집-나무-사람 검사,HTP,,그림(검사자 기록),,,,,,,,,,
투사·그림,인물화 검사,DAP,,그림(검사자 기록),,,,,,,,,,
투사·그림,동적 가족화,KFD,,그림(검사자 기록),,,,,,,,,,
투사·그림,문장완성검사,SCT,,검사자 시행,,,,,,,,,,
